<!DOCTYPE datafile [
<!ELEMENT datafile ANY>
	<!ELEMENT header ANY>
		<!ELEMENT emu_name (#PCDATA)>
		<!ELEMENT emu_parser (#PCDATA)>
		<!ELEMENT emu_description (#PCDATA)>
		<!ELEMENT emu_category (#PCDATA)>
		<!ELEMENT emu_version (#PCDATA)>
		<!ELEMENT emu_date (#PCDATA)>
		<!ELEMENT emu_author (#PCDATA)>
		<!ELEMENT emu_homepage (#PCDATA)>
		<!ELEMENT emu_baseurl (#PCDATA)>
		<!ELEMENT emu_launcher (#PCDATA)>
		<!ELEMENT emu_ext_launch_cmd (#PCDATA)>
		<!ELEMENT emu_downloadpath (#PCDATA)>
		<!ELEMENT emu_postdlaction (#PCDATA)>
		<!ELEMENT emu_comment (#PCDATA)>
		<!ELEMENT emu_thumb (#PCDATA)>
		<!ELEMENT emu_banner (#PCDATA)>
		<!ELEMENT emu_fanart (#PCDATA)>
		<!ELEMENT emu_logo (#PCDATA)>
		<!ELEMENT emu_trailer (#PCDATA)>
	<!ELEMENT game ANY>
		<!ATTLIST game name CDATA #REQUIRED>
		<!ELEMENT description (#PCDATA)>
		<!ELEMENT rom EMPTY>
			<!ATTLIST rom name CDATA #REQUIRED>
			<!ATTLIST rom size CDATA #REQUIRED>
			<!ATTLIST rom crc CDATA #IMPLIED>
			<!ATTLIST rom sha1 CDATA #IMPLIED>
			<!ATTLIST rom status (baddump|nodump|good|verified) "good">
		<!ELEMENT emu_command (#PCDATA)>
		<!ELEMENT videoid (#PCDATA)>
		<!ELEMENT plot (#PCDATA)>
		<!ELEMENT genre (#PCDATA)>
		<!ELEMENT nplayers (#PCDATA)>
		<!ELEMENT studio (#PCDATA)>
		<!ELEMENT releasedate (#PCDATA)>
		<!ELEMENT fanart1 (#PCDATA)>
		<!ELEMENT fanart2 (#PCDATA)>
		<!ELEMENT fanart3 (#PCDATA)>
		<!ELEMENT fanart4 (#PCDATA)>
		<!ELEMENT fanart5 (#PCDATA)>
		<!ELEMENT fanart6 (#PCDATA)>
		<!ELEMENT fanart7 (#PCDATA)>
		<!ELEMENT fanart8 (#PCDATA)>
		<!ELEMENT fanart9 (#PCDATA)>
		<!ELEMENT fanart10 (#PCDATA)>
		<!ELEMENT fanart11 (#PCDATA)>
		<!ELEMENT fanart12 (#PCDATA)>
		<!ELEMENT fanart13 (#PCDATA)>
		<!ELEMENT fanart14 (#PCDATA)>
		<!ELEMENT fanart15 (#PCDATA)>
		<!ELEMENT fanart16 (#PCDATA)>
		<!ELEMENT fanart17 (#PCDATA)>
		<!ELEMENT fanart18 (#PCDATA)>
		<!ELEMENT fanart19 (#PCDATA)>
		<!ELEMENT fanart20 (#PCDATA)>
		<!ELEMENT fanart21 (#PCDATA)>
		<!ELEMENT fanart22 (#PCDATA)>
		<!ELEMENT fanart23 (#PCDATA)>
		<!ELEMENT fanart24 (#PCDATA)>
		<!ELEMENT fanart25 (#PCDATA)>
		<!ELEMENT fanart26 (#PCDATA)>
		<!ELEMENT fanart27 (#PCDATA)>
		<!ELEMENT fanart28 (#PCDATA)>
		<!ELEMENT fanart29 (#PCDATA)>
		<!ELEMENT fanart30 (#PCDATA)>
		<!ELEMENT boxart1 (#PCDATA)>
		<!ELEMENT boxart2 (#PCDATA)>
		<!ELEMENT boxart3 (#PCDATA)>
		<!ELEMENT boxart4 (#PCDATA)>
		<!ELEMENT boxart5 (#PCDATA)>
		<!ELEMENT boxart6 (#PCDATA)>
		<!ELEMENT boxart7 (#PCDATA)>
		<!ELEMENT boxart8 (#PCDATA)>
		<!ELEMENT boxart9 (#PCDATA)>
		<!ELEMENT boxart10 (#PCDATA)>
		<!ELEMENT snapshot1 (#PCDATA)>
		<!ELEMENT snapshot2 (#PCDATA)>
		<!ELEMENT snapshot3 (#PCDATA)>
		<!ELEMENT snapshot4 (#PCDATA)>
		<!ELEMENT snapshot5 (#PCDATA)>
		<!ELEMENT snapshot6 (#PCDATA)>
		<!ELEMENT snapshot7 (#PCDATA)>
		<!ELEMENT snapshot8 (#PCDATA)>
		<!ELEMENT snapshot9 (#PCDATA)>
		<!ELEMENT snapshot10 (#PCDATA)>
		<!ELEMENT banner1 (#PCDATA)>
		<!ELEMENT banner2 (#PCDATA)>
		<!ELEMENT banner3 (#PCDATA)>
		<!ELEMENT banner4 (#PCDATA)>
		<!ELEMENT banner5 (#PCDATA)>
		<!ELEMENT banner6 (#PCDATA)>
		<!ELEMENT banner7 (#PCDATA)>
		<!ELEMENT banner8 (#PCDATA)>
		<!ELEMENT banner9 (#PCDATA)>
		<!ELEMENT banner10 (#PCDATA)>
		<!ELEMENT clearlogo1 (#PCDATA)>
		<!ELEMENT clearlogo2 (#PCDATA)>
		<!ELEMENT clearlogo3 (#PCDATA)>
		<!ELEMENT clearlogo4 (#PCDATA)>
		<!ELEMENT clearlogo5 (#PCDATA)>
		<!ELEMENT clearlogo6 (#PCDATA)>
		<!ELEMENT clearlogo7 (#PCDATA)>
		<!ELEMENT clearlogo8 (#PCDATA)>
		<!ELEMENT clearlogo9 (#PCDATA)>
		<!ELEMENT clearlogo10 (#PCDATA)>
]>
	<datafile>
		<header>
			<emu_name>Vectrex</emu_name>
			<emu_parser>NoIntro_parser.xml</emu_parser>
			<emu_description>Vectrex</emu_description>
			<emu_category>Vector, hidden, hidden</emu_category>
			<emu_version>070116</emu_version>
			<emu_date>07/01/2016</emu_date>
			<emu_author>Zach Morris</emu_author>
			<emu_homepage>http://www.mame.org/</emu_homepage>
			<emu_baseurl>http://archive.org/download/</emu_baseurl>
			<emu_launcher>external</emu_launcher>
			<emu_ext_launch_cmd>/storage/.kodi/addons/emulator.tools.retroarch/bin/retroarch.sh vecx "%ROM_PATH%"</emu_ext_launch_cmd>
			<emu_downloadpath>default</emu_downloadpath>
			<emu_postdlaction>convert_mame_softlist('vectrex')</emu_postdlaction>
			<emu_comment>Vectrex List by Zach Morris, filtered to remove duplicates and games not many people actually want to play.[CR]The Vectrex is a vector display-based home video game console that was developed by Western Technologies/Smith Engineering. It was licensed and distributed first by General Consumer Electronics (GCE), and then by Milton Bradley Company after its purchase of GCE. Unlike other non-portable video game consoles, which connected to televisions and rendered raster graphics, the Vectrex has an integrated vector monitor which displays vector graphics. The Vectrex is monochrome and uses plastic screen overlays to simulate color and various static graphics and decorations. At the time, many of the most popular arcade games used vector displays, and through a licensing deal with Cinematronics, GCE was able to produce high-quality versions of arcade games such as Space Wars and Armor Attack.[CR]Developer:  Western Technologies[CR]Manufacturer:  General Consumer Electronics[CR]CPU:  Motorola 68A09 @ 1.5 MHz[CR]Memory:  1 kB (two 4-bit 2114 chips)[CR]Graphics:  MOS 6522 Versatile Interface Adapter (VIA)[CR]Sound:  General Instrument AY-3-8912[CR]Display:  Vector CRT[CR]Media:  Cartridge[CR]Max Controllers:  2</emu_comment>
			<emu_thumb>http://i.imgur.com/kAOXEcp.jpg</emu_thumb>
			<emu_banner>http://i.imgur.com/3Cw4tjw.jpg</emu_banner>
			<emu_fanart>https://upload.wikimedia.org/wikipedia/commons/thumb/7/7a/Vectrex-Console-Set.jpg/819px-Vectrex-Console-Set.jpg</emu_fanart>
			<emu_logo>https://upload.wikimedia.org/wikipedia/en/8/85/Vectrex_logo.png</emu_logo>
			<emu_trailer>nudeLb5KAX8</emu_trailer>
		</header>
			<game name="3D Mine Storm">
				<description>3D Mine Storm</description>
				<rom crc="b2313487" name="MESS_0.151_Software_List_ROMs/vectrex.zip/MESS%200.151%20Software%20List%20ROMs%2Fvectrex%2F3dmnstrm.zip" sha1="1731e892da8945fe4945b43847d23960c581682a" size="5732" />
				<rom name="Mame172arcdcmplt/vectrex.zip" size="12900" />
				<title_clean>3D Mine Storm</title_clean>
				<plot>3D Mine Storm is an Action game, developed and published by GCE,which was released in 1983.</plot>
				<releasedate>9/7/1983</releasedate>
				<year>1983</year>
				<genre>Shooter / Fixed Screen Shooter</genre>
				<studio>GCE</studio>
				<nplayers>1-2 Alt</nplayers>
				<rating>6</rating>
				<ESRB>E - Everyone</ESRB>
				<thegamesdb_id>36976</thegamesdb_id>
				<gamefaqs_url>http://www.gamefaqs.com/vectrex/927512-3d-mine-storm</gamefaqs_url>
				<mobygames_url>http://www.allgame.com/game.php?id=17307&amp;tab=overview</mobygames_url>
				<boxart1>http://thegamesdb.net/banners/boxart/original/front/36976-1.png</boxart1>
			</game>
			<game name="Animaction">
				<description>Animaction</description>
				<rom crc="9f62e167" name="MESS_0.151_Software_List_ROMs/vectrex.zip/MESS%200.151%20Software%20List%20ROMs%2Fvectrex%2Fanimactn.zip" sha1="71946be47debae89ad191ac382c2015d6a862072" size="5901" />
				<rom name="Mame172arcdcmplt/vectrex.zip" size="12900" />
				<title_clean>Animaction</title_clean>
				<plot>AnimAction is a Miscellaneous game, developed and published by GCE,which was released in 1983.</plot>
				<releasedate>9/7/1983</releasedate>
				<year>1983</year>
				<genre>Home / Art/Paint</genre>
				<studio>GCE</studio>
				<rating>5</rating>
				<videoid>WqMjX_S47Ro</videoid>
				<thegamesdb_id>32648</thegamesdb_id>
				<gamefaqs_url>http://www.gamefaqs.com/vectrex/937684-animaction</gamefaqs_url>
				<mobygames_url>http://www.allgame.com/game.php?id=17299&amp;tab=overview</mobygames_url>
				<boxart1>http://thegamesdb.net/banners/boxart/original/front/32648-1.jpg</boxart1>
			</game>
			<game name="Armor Attack">
				<description>Armor Attack</description>
				<rom crc="b7510971" name="MESS_0.151_Software_List_ROMs/vectrex.zip/MESS%200.151%20Software%20List%20ROMs%2Fvectrex%2Farmora.zip" sha1="eb76f860130f8cc87826fa931350467760511213" size="3647" />
				<rom name="Mame172arcdcmplt/vectrex.zip" size="12900" />
				<title_clean>Armor Attack</title_clean>
				<plot>In Armor Attack, players control a jeep that can fire directly forward. Tanks and helicopters appear on-screen and players earn points by shooting them, with each target usually taking multiple shots to damage and eventually destroy. Jeeps explode after one hit, forcing players to duck and cover behind buildings or use the jeep's superior speed to avoid getting hit.  Armor Attack is a vector graphics game and, in arcades, the walls of the buildings that create the maze-like level upon which the entire game is set aren't drawn on-screen. Instead, a plastic overlay is placed over the screen that contains the buildsing and other features. Without this film, it's impossible to know where the walls of the maze are, making the game effectively impossible to play.  Shooting down helicopters increases the number of points earned for shooting tanks.  Armor Attack was later ported to the Vectrex console, which also required the use of an overlay. The vertically oriented screen on the Vectrex also meant that a new maze had to be designed.[CR]</plot>
				<releasedate>9/7/1982</releasedate>
				<year>1982</year>
				<genre>Shooter / Fixed Screen Shooter</genre>
				<studio>GCE</studio>
				<nplayers>1</nplayers>
				<rating>3</rating>
				<videoid>72T07X0ZxQs</videoid>
				<thegamesdb_id>32361</thegamesdb_id>
				<gamefaqs_url>http://www.gamefaqs.com/vectrex/576744-armor-attack</gamefaqs_url>
				<mobygames_url>http://www.allgame.com/game.php?id=17292&amp;tab=overview</mobygames_url>
				<giantbomb_url>http://www.giantbomb.com/armor-attack/3030-5212/</giantbomb_url>
				<boxart1>http://thegamesdb.net/banners/boxart/original/front/32361-1.png</boxart1>
			</game>
			<game name="Art Master">
				<description>Art Master</description>
				<rom crc="c8e2f247" name="MESS_0.151_Software_List_ROMs/vectrex.zip/MESS%200.151%20Software%20List%20ROMs%2Fvectrex%2Fartmastr.zip" sha1="8f35bac5e8e0fc4ad7291bbfe5ae6e693272de06" size="2870" />
				<rom name="Mame172arcdcmplt/vectrex.zip" size="12900" />
				<title_clean>Art Master</title_clean>
				<plot>Art Master is a Miscellaneous game, developed and published by GCE,which was released in 1983.</plot>
				<releasedate>9/7/1983</releasedate>
				<year>1983</year>
				<genre>Home / Art/Paint</genre>
				<studio>GCE</studio>
				<rating>5</rating>
				<videoid>dKsU0OJsuOA</videoid>
				<thegamesdb_id>32670</thegamesdb_id>
				<gamefaqs_url>http://www.gamefaqs.com/vectrex/937685-art-master</gamefaqs_url>
				<mobygames_url>http://www.allgame.com/game.php?id=17300&amp;tab=overview</mobygames_url>
				<boxart1>http://thegamesdb.net/banners/boxart/original/front/32670-1.jpg</boxart1>
			</game>
			<game name="Bedlam">
				<description>Bedlam</description>
				<rom crc="a2fa649b" name="MESS_0.151_Software_List_ROMs/vectrex.zip/MESS%200.151%20Software%20List%20ROMs%2Fvectrex%2Fbedlam.zip" sha1="3ff3fa4feda6d562dedff2a10cfa8679d8318044" size="3273" />
				<rom name="Mame172arcdcmplt/vectrex.zip" size="12900" />
				<title_clean>Bedlam</title_clean>
				<plot>Face the toughest challenge yet: rid the infested earth colonies of the bio mechanical menace that threatens mankind's very existence. Take control of a team of crack military robots who know no remorse or mercy, and power your way through 25 massive levels of computer Bedlam!</plot>
				<releasedate>9/7/1982</releasedate>
				<year>1983</year>
				<genre>Shooter / Fixed Screen Shooter</genre>
				<studio>GCE</studio>
				<rating>6</rating>
				<videoid>aZOTZ93aibY</videoid>
				<thegamesdb_id>32362</thegamesdb_id>
				<gamefaqs_url>http://www.gamefaqs.com/vectrex/576745-bedlam</gamefaqs_url>
				<mobygames_url>http://www.allgame.com/game.php?id=17296&amp;tab=overview</mobygames_url>
				<giantbomb_url>http://www.giantbomb.com/bedlam/3030-35067/</giantbomb_url>
				<boxart1>http://thegamesdb.net/banners/boxart/original/front/32362-1.png</boxart1>
			</game>
			<game name="Berzerk">
				<description>Berzerk</description>
				<rom crc="eafe2455" name="MESS_0.151_Software_List_ROMs/vectrex.zip/MESS%200.151%20Software%20List%20ROMs%2Fvectrex%2Fberzerk.zip" sha1="e4badd494ed548721328ef869d33ad70e3e522c9" size="3474" />
				<rom name="Mame172arcdcmplt/vectrex.zip" size="12900" />
				<title_clean>Berzerk</title_clean>
				<plot>[CR][B]Overview:[/B][CR]Berzerk is a multi-directional shooter game requiring players to navigate mazes filled with enemy robots. This was one of the first video games to use speech synthesis, featuring robots that talked.The game also features an infamously bizarre variation of a pressured-on-time element. Occasionally a yellow smiley face called " Evil Otto" would appear and feverishly roam about the mazes in attempt to catch the player, while destroying robots standing it his way.[CR]Other Versions[CR]In addition to the arcade original and the popular Atari 2600 version (1982), Berzerk was also ported by General Consumer Electronics for the Vectrex in 1982, and by Atari to the Atari 5200 in 1983. Stern Electronics made one sequel to the game titled Frenzy, which was only in arcades and ported to the ColecoVision.[CR]Deaths Associated with Berzerk[CR]In 1981, Berzerk became an early example of death by playing a video game. After attaining a score of 1660, a 19 year old named Jeff Dailey died from a heart attack. The very next year, another player named Peter Burkowski also died from a heart attack. This happened shortly after he achieved two high scores within a fifteen minute time span. He was 18 years old.[CR]</plot>
				<releasedate>9/7/1982</releasedate>
				<year>1982</year>
				<genre>Shooter / Fixed Screen Shooter</genre>
				<studio>GCE</studio>
				<rating>6</rating>
				<videoid>O32Eppt_6ak</videoid>
				<thegamesdb_id>32363</thegamesdb_id>
				<gamefaqs_url>http://www.gamefaqs.com/vectrex/576746-berzerk</gamefaqs_url>
				<mobygames_url>http://www.allgame.com/game.php?id=17289&amp;tab=overview</mobygames_url>
				<giantbomb_url>http://www.giantbomb.com/berzerk/3030-4010/</giantbomb_url>
				<boxart1>http://thegamesdb.net/banners/boxart/original/front/32363-1.png</boxart1>
				<boxart2>http://static.giantbomb.com/uploads/scale_large/7/73970/1533140-berzerk_us_back.jpg</boxart2>
				<snapshot1>http://static.giantbomb.com/uploads/scale_large/0/8273/776340-1217344077_00.png</snapshot1>
				<snapshot2>http://static.giantbomb.com/uploads/scale_large/0/8273/776339-1217344045_00.png</snapshot2>
				<snapshot3>http://static.giantbomb.com/uploads/scale_large/0/8273/776338-1217344007_00.png</snapshot3>
				<snapshot4>http://static.giantbomb.com/uploads/scale_large/0/8273/776337-1217343946_00.png</snapshot4>
				<snapshot5>http://static.giantbomb.com/uploads/scale_large/1/15568/629484-berzerk__1982___atari__12.png</snapshot5>
				<snapshot6>http://static.giantbomb.com/uploads/scale_large/1/15568/629480-berzerk__1982___atari__17.png</snapshot6>
				<snapshot7>http://static.giantbomb.com/uploads/scale_large/1/15568/629479-berzerk__1982___atari__13.png</snapshot7>
				<snapshot8>http://static.giantbomb.com/uploads/scale_large/1/15568/629477-berzerk__1982___atari__9.png</snapshot8>
				<snapshot9>http://static.giantbomb.com/uploads/scale_large/1/15568/629476-berzerk__1982___atari__6.png</snapshot9>
				<snapshot10>http://static.giantbomb.com/uploads/scale_large/1/15568/629475-berzerk__1982___atari__5.png</snapshot10>
				<clearlogo1>http://thegamesdb.net/banners/clearlogo/32363.png</clearlogo1>
			</game>
			<game name="Berzerk">
				<description>Berzerk</description>
				<rom crc="eafe2455" name="MESS_0.151_Software_List_ROMs/vectrex.zip/MESS%200.151%20Software%20List%20ROMs%2Fvectrex%2Fberzerkp.zip" sha1="e4badd494ed548721328ef869d33ad70e3e522c9" size="3752" />
				<rom name="Mame172arcdcmplt/vectrex.zip" size="12900" />
				<title_clean>Berzerk</title_clean>
				<plot>[CR][B]Overview:[/B][CR]Berzerk is a multi-directional shooter game requiring players to navigate mazes filled with enemy robots. This was one of the first video games to use speech synthesis, featuring robots that talked.The game also features an infamously bizarre variation of a pressured-on-time element. Occasionally a yellow smiley face called " Evil Otto" would appear and feverishly roam about the mazes in attempt to catch the player, while destroying robots standing it his way.[CR]Other Versions[CR]In addition to the arcade original and the popular Atari 2600 version (1982), Berzerk was also ported by General Consumer Electronics for the Vectrex in 1982, and by Atari to the Atari 5200 in 1983. Stern Electronics made one sequel to the game titled Frenzy, which was only in arcades and ported to the ColecoVision.[CR]Deaths Associated with Berzerk[CR]In 1981, Berzerk became an early example of death by playing a video game. After attaining a score of 1660, a 19 year old named Jeff Dailey died from a heart attack. The very next year, another player named Peter Burkowski also died from a heart attack. This happened shortly after he achieved two high scores within a fifteen minute time span. He was 18 years old.[CR]</plot>
				<releasedate>9/7/1982</releasedate>
				<year>1982</year>
				<genre>Shooter / Fixed Screen Shooter</genre>
				<studio>GCE</studio>
				<rating>6</rating>
				<videoid>O32Eppt_6ak</videoid>
				<thegamesdb_id>32363</thegamesdb_id>
				<gamefaqs_url>http://www.gamefaqs.com/vectrex/576746-berzerk</gamefaqs_url>
				<mobygames_url>http://www.allgame.com/game.php?id=17289&amp;tab=overview</mobygames_url>
				<giantbomb_url>http://www.giantbomb.com/berzerk/3030-4010/</giantbomb_url>
				<boxart1>http://static.giantbomb.com/uploads/scale_large/9/93770/2367671-a2600_berzerk_ca.jpg</boxart1>
				<boxart2>http://static.giantbomb.com/uploads/scale_large/7/73970/1533140-berzerk_us_back.jpg</boxart2>
				<snapshot1>http://static.giantbomb.com/uploads/scale_large/0/8273/776340-1217344077_00.png</snapshot1>
				<snapshot2>http://static.giantbomb.com/uploads/scale_large/0/8273/776339-1217344045_00.png</snapshot2>
				<snapshot3>http://static.giantbomb.com/uploads/scale_large/0/8273/776338-1217344007_00.png</snapshot3>
				<snapshot4>http://static.giantbomb.com/uploads/scale_large/0/8273/776337-1217343946_00.png</snapshot4>
				<snapshot5>http://static.giantbomb.com/uploads/scale_large/1/15568/629484-berzerk__1982___atari__12.png</snapshot5>
				<snapshot6>http://static.giantbomb.com/uploads/scale_large/1/15568/629480-berzerk__1982___atari__17.png</snapshot6>
				<snapshot7>http://static.giantbomb.com/uploads/scale_large/1/15568/629479-berzerk__1982___atari__13.png</snapshot7>
				<snapshot8>http://static.giantbomb.com/uploads/scale_large/1/15568/629477-berzerk__1982___atari__9.png</snapshot8>
				<snapshot9>http://static.giantbomb.com/uploads/scale_large/1/15568/629476-berzerk__1982___atari__6.png</snapshot9>
				<snapshot10>http://static.giantbomb.com/uploads/scale_large/1/15568/629475-berzerk__1982___atari__5.png</snapshot10>
				<clearlogo1>http://thegamesdb.net/banners/clearlogo/32363.png</clearlogo1>
			</game>
			<game name="Blitz!">
				<description>Blitz!</description>
				<rom crc="0f11ce0c" name="MESS_0.151_Software_List_ROMs/vectrex.zip/MESS%200.151%20Software%20List%20ROMs%2Fvectrex%2Fblitz.zip" sha1="60893dfada42cf50c94083d45ad5bd14d0c031c8" size="5666" />
				<rom name="Mame172arcdcmplt/vectrex.zip" size="12900" />
				<title_clean>Blitz!</title_clean>
				<plot>Blitz! is a Sports game, developed and published by GCE,which was released in 1982.</plot>
				<releasedate>9/7/1982</releasedate>
				<year>1982</year>
				<genre>Sports, Miscellaneous, Arcade</genre>
				<studio>GCE</studio>
				<nplayers>1-2 Sim</nplayers>
				<gamefaqs_url>http://www.gamefaqs.com/vectrex/576747-blitz</gamefaqs_url>
				<mobygames_url>http://www.mobygames.com/game/vectrex/blitz</mobygames_url>
				<giantbomb_url>http://www.giantbomb.com/blitz/3030-8289/</giantbomb_url>
				<boxart1>http://static.giantbomb.com/uploads/scale_large/9/93770/1769660-blitz_f.jpg</boxart1>
				<boxart3>http://www.mobygames.com/images/covers/l/100445-blitz-vectrex-media.jpg</boxart3>
				<boxart4>http://www.mobygames.com/images/covers/l/131936-blitz-vectrex-media.jpg</boxart4>
			</game>
			<game name="Blitz! (Alt)">
				<description>Blitz! (Alt)</description>
				<rom crc="881b27c5" name="MESS_0.151_Software_List_ROMs/vectrex.zip/MESS%200.151%20Software%20List%20ROMs%2Fvectrex%2Fblitza.zip" sha1="aa1aa811c9ce5e19f43b78a6531cdd0e707337bd" size="5669" />
				<rom name="Mame172arcdcmplt/vectrex.zip" size="12900" />
				<title_clean>Blitz!</title_clean>
				<plot>Blitz! is a Sports game, developed and published by GCE,which was released in 1982.</plot>
				<releasedate>9/7/1982</releasedate>
				<year>1982</year>
				<genre>Sports, Miscellaneous, Arcade</genre>
				<studio>GCE</studio>
				<nplayers>1-2 Sim</nplayers>
				<gamefaqs_url>http://www.gamefaqs.com/vectrex/576747-blitz</gamefaqs_url>
				<mobygames_url>http://www.mobygames.com/game/vectrex/blitz</mobygames_url>
				<giantbomb_url>http://www.giantbomb.com/blitz/3030-8289/</giantbomb_url>
				<boxart1>http://static.giantbomb.com/uploads/scale_large/9/93770/1769660-blitz_f.jpg</boxart1>
				<boxart3>http://www.mobygames.com/images/covers/l/100445-blitz-vectrex-media.jpg</boxart3>
				<boxart4>http://www.mobygames.com/images/covers/l/131936-blitz-vectrex-media.jpg</boxart4>
			</game>
			<game name="Clean Sweep">
				<description>Clean Sweep</description>
				<rom crc="f1b1de78" name="MESS_0.151_Software_List_ROMs/vectrex.zip/MESS%200.151%20Software%20List%20ROMs%2Fvectrex%2Fcleanswp.zip" sha1="67f8513958c04e936b135740ed4ec6e6fa1763d5" size="3489" />
				<rom name="Mame172arcdcmplt/vectrex.zip" size="12900" />
				<title_clean>Clean Sweep</title_clean>
				<plot>Clean Sweep replaces the ghosts from Pac-man with bank robbers and you play as the bank's manager. After the robbers blew your bank to smithereens, you must collect all the money with your trusty vacuum. As you are collecting the money your vacuum begins to fill, expanding until full. (Holding up to 32 "bills") Once full you must return the money to the vault. (Center, highlighted yellow by the Vectrex overlay) As time passes the robbers will continue to spawn (Maps start with 1 robber and go up to 4) and they will also get anxious and begin to get faster. At the 4 corners of the board there are "special rooms", that when entered your vacuum becomes supercharged. While supercharged, your vacuum will hold infinite money and also suck up the robbers themselves. Also while supercharged you cannot deposit money into the vault, any money collected during the charge can never be deposited into bank and does not add to the size of the vacuum. The supercharge lasts only 10 seconds. After all the money is retrieved, the board flashes and resets the game to the beginning while keeping track of score.     Scoring 1 Bill/Money collected = 10 points1 Bill/Money returned to vault = 20 pointsFull Vacuum load returned = 640 pointsSupercharging = 50 pointsRobber eaten = 100 points If robbers are eaten consecutively with same supercharge, scoring is doubled with each robber (i.e. 4 robbers eaten with same charge, 1st robber = 100 points, 2nd robber = 200 points, 3rd robber = 400 points, 4th robber = 800 points) [CR]</plot>
				<releasedate>9/7/1982</releasedate>
				<year>1982</year>
				<genre>Action / Maze</genre>
				<studio>GCE</studio>
				<rating>4</rating>
				<videoid>Ao7S3HrZAIQ</videoid>
				<thegamesdb_id>32365</thegamesdb_id>
				<gamefaqs_url>http://www.gamefaqs.com/vectrex/924473-clean-sweep</gamefaqs_url>
				<mobygames_url>http://www.allgame.com/game.php?id=17284&amp;tab=overview</mobygames_url>
				<giantbomb_url>http://www.giantbomb.com/clean-sweep/3030-15157/</giantbomb_url>
				<boxart1>http://thegamesdb.net/banners/boxart/original/front/32365-1.png</boxart1>
				<boxart2>http://static.giantbomb.com/uploads/scale_large/1/11244/1755996-vn_mrb_box_back.jpg</boxart2>
				<snapshot1>http://static.giantbomb.com/uploads/scale_large/1/11244/1755998-64162_clean_sweep_vectrex_screenshot_a_game_in_progress.png</snapshot1>
			</game>
			<game name="Cosmic Chasm">
				<description>Cosmic Chasm</description>
				<rom crc="6c1afa52" name="MESS_0.151_Software_List_ROMs/vectrex.zip/MESS%200.151%20Software%20List%20ROMs%2Fvectrex%2Fcchasm.zip" sha1="56a7f277bf09f94461dda542c04c36266d838b86" size="3630" />
				<rom name="Mame172arcdcmplt/vectrex.zip" size="12900" />
				<title_clean>Cosmic Chasm</title_clean>
				<plot>[CR][B]Overview:[/B] - Vectrex[CR]In Cosmic Chasm the player assumes the role of a ship armed with a bomb, tasked with destroying the Cosmic Chasm space station. The game is divided into a series of individual rooms that are connected by a series of corridors. Inside each room, the player must contend with a set of diamond shaped enemies and a rapidly expanding central core. The player is also given the choice in each room which exit to take in order to pick the best possible route to the station's central core. Once the core has been reached, the player must deposit the bomb at the center, and then trace their steps back through the rooms to the exit before the bomb detonates.[CR][B]Gameplay:[/B] - Vectrex[CR]The map screen.The player's ship is armed with a set of lasers; a front mounted drill; a single bomb; and a limited use shield. The lasers are used (of course) to destroy the enemies that populate each of the rooms in the level map. In cases where the enemies swarm the player too quickly, the shield can be used to deflect them for a limited amount of time. The drill is used to open the various exits in each of the rooms by carefully placing the front mounted drill over-top of the forcefield and firing. The bomb is only used in the central room on the map, and is deposited at the core which triggers the end-level scenario.The rooms in Cosmic Chasm are all very similar in their design. They all contain a certain number of enemies that home in on the player's position and try to collide. They also all contain a central core that quickly expands to fill the room. The state of the rooms is saved once the player exits, so care must be taken in order to ensure that a safe pathway is being left to escape through. The main difference between rooms are the number of exits, which correspond to the map screen.The map was fairly simple in its design, and changed each time a new mission was loaded. Sometimes the player is blessed with only having to traverse a few rooms in order to reach the core, while at other times the route is much more complicated. Once the bomb is placed in the center room, the player only has about 15 seconds to exit the station before it explodes; speed is essential in this game.Vectrex colour overlay.The graphics in Cosmic Chasm are fairly straightforward in their design, but perfectly effective for the platform at the time. As the Vectrex only contained a grey monochrome screen as a default, each of the games usually came with a plastic colour overlay that would slide into some slots at the top and base of the screen to hold it in place. This allowed the player data (score/zone) to be differentiated by the colour blue from the main game area which is red. The base of the overlay also showed a representation of the controls as they laid out on the Vectrex controller and its four buttons.The enemy and ship design is also very simple. The enemies are solely made up of small diamond shaped objects that a randomly spread across each room. The enemies attack by attempting to collide with the player. As soon as your ship enters the arena, the enemies immediately begin to home in on the player position. The speed at which this happens increases with the difficulty level.Standard game screen.[CR]</plot>
				<releasedate>9/7/1982</releasedate>
				<year>1982</year>
				<genre>Shooter / Fixed Screen Shooter</genre>
				<studio>GCE</studio>
				<rating>4</rating>
				<videoid>uni4UemKvOQ</videoid>
				<thegamesdb_id>32366</thegamesdb_id>
				<gamefaqs_url>http://www.gamefaqs.com/vectrex/562925-cosmic-chasm</gamefaqs_url>
				<mobygames_url>http://www.allgame.com/game.php?id=17283&amp;tab=overview</mobygames_url>
				<giantbomb_url>http://www.giantbomb.com/cosmic-chasm/3030-30837/</giantbomb_url>
				<boxart1>http://thegamesdb.net/banners/boxart/original/front/32366-1.png</boxart1>
				<snapshot1>http://static.giantbomb.com/uploads/scale_large/5/59954/1483817-cosmicchasm.gif</snapshot1>
				<snapshot2>http://static.giantbomb.com/uploads/scale_large/5/59954/1483815-cosmic_chasm.jpg</snapshot2>
				<snapshot3>http://static.giantbomb.com/uploads/scale_large/5/59954/1483807-507_1.png</snapshot3>
			</game>
			<game name="Dark Tower (Prototype)">
				<description>Dark Tower (Prototype)</description>
				<rom crc="9dcfd5b7" name="MESS_0.151_Software_List_ROMs/vectrex.zip/MESS%200.151%20Software%20List%20ROMs%2Fvectrex%2Fdarktowr.zip" sha1="dbb0b378aacc2a18dfb476aa99ab00d6ab395205" size="8433" />
				<rom name="Mame172arcdcmplt/vectrex.zip" size="12900" />
				<title_clean>Dark Tower</title_clean>
				<plot>Dark Tower is an Adventure game, developed by GCE and published by Bootleg,which was cancelled before it was released.</plot>
				<releasedate>Canceled </releasedate>
				<genre>Adventure, Miscellaneous</genre>
				<studio>GCE</studio>
				<videoid>n5luQlkfWhI</videoid>
				<thegamesdb_id>32682</thegamesdb_id>
				<gamefaqs_url>http://www.gamefaqs.com/vectrex/580017-dark-tower</gamefaqs_url>
				<boxart1>http://thegamesdb.net/banners/boxart/original/front/32682-1.png</boxart1>
			</game>
			<game name="Engine Analyzer (Prototype)">
				<description>Engine Analyzer (Prototype)</description>
				<rom crc="fe9a501a" name="MESS_0.151_Software_List_ROMs/vectrex.zip/MESS%200.151%20Software%20List%20ROMs%2Fvectrex%2Fenginean.zip" sha1="c226d78301dbe40f2194c165f2124d5afa885be4" size="1858" />
				<rom name="Mame172arcdcmplt/vectrex.zip" size="12900" />
				<title_clean>Engine Analyzer</title_clean>
				<plot>Engine Analyzer was a diagnostic tool released by GCE for the Vectrex in 1983.</plot>
				<releasedate>1/1/1983</releasedate>
				<year>1983</year>
				<genre>Sandbox</genre>
				<studio>GCE</studio>
				<nplayers>1</nplayers>
				<thegamesdb_id>36978</thegamesdb_id>
				<boxart1>http://thegamesdb.net/banners/boxart/original/front/36978-1.png</boxart1>
			</game>
			<game name="Fortress of Narzod">
				<description>Fortress of Narzod</description>
				<rom crc="13a35c8a" name="MESS_0.151_Software_List_ROMs/vectrex.zip/MESS%200.151%20Software%20List%20ROMs%2Fvectrex%2Ffnarzod.zip" sha1="286e061331289b031de33725a4966c379c1df47f" size="6119" />
				<rom name="Mame172arcdcmplt/vectrex.zip" size="12900" />
				<title_clean>Fortress of Narzod</title_clean>
				<plot>A long time ago, before our history began, wizards-both good and evil-battled for supremacy for the earth.It was a time of magic and adventure when all men possessed special powers.The most evil wizard, Narzod, gained the power to enslave all mankind.You are the only remaining honorable wizard with the knowledge to harness all the forces of good to defeat Narzod and destroy his sinister fortress.But Narzod has prepared for your approach and guards his realm with deadly creatures of darkness, including the Mystic Hurler.Beware, and approach the Fortress of Narzod with great caution!</plot>
				<releasedate>9/7/1982</releasedate>
				<year>1983</year>
				<genre>Shooter / Fixed Screen Shooter</genre>
				<studio>GCE</studio>
				<rating>6</rating>
				<videoid>u8UgzdMbHpQ</videoid>
				<thegamesdb_id>32367</thegamesdb_id>
				<gamefaqs_url>http://www.gamefaqs.com/vectrex/576748-fortress-of-narzod</gamefaqs_url>
				<mobygames_url>http://www.allgame.com/game.php?id=17294&amp;tab=overview</mobygames_url>
				<giantbomb_url>http://www.giantbomb.com/fortress-of-narzod/3030-13181/</giantbomb_url>
				<boxart1>http://thegamesdb.net/banners/boxart/original/front/32367-1.png</boxart1>
			</game>
			<game name="Heads Up">
				<description>Heads Up</description>
				<rom crc="e61a7de3" name="MESS_0.151_Software_List_ROMs/vectrex.zip/MESS%200.151%20Software%20List%20ROMs%2Fvectrex%2Fheadsup.zip" sha1="0406c13952fb0bd6adc68298ae163ebc6160484c" size="5746" />
				<rom name="Mame172arcdcmplt/vectrex.zip" size="12900" />
				<title_clean>Heads Up</title_clean>
				<plot>Challenge another player or take on the computer itself in an action-packed soccer game that demands all the concentration, strategy and split second reactions of the real thing. Realistic, dimensional players move the ball down a scrolling field by passing and kicking the ball to each other--just like the actual game.Head Up--all the excitement and challenge at a real soccer tournament complete with the roar of the crowd!</plot>
				<releasedate>9/7/1983</releasedate>
				<year>1983</year>
				<genre>Sports, Miscellaneous, Simulation</genre>
				<studio>GCE</studio>
				<nplayers>1-2 Sim</nplayers>
				<videoid>sCBbmz9c6CA</videoid>
				<thegamesdb_id>32368</thegamesdb_id>
				<gamefaqs_url>http://www.gamefaqs.com/vectrex/582062-heads-up</gamefaqs_url>
				<mobygames_url>http://www.mobygames.com/game/vectrex/heads-up-action-soccer</mobygames_url>
				<boxart1>http://thegamesdb.net/banners/boxart/original/front/32368-1.png</boxart1>
				<boxart3>http://www.mobygames.com/images/covers/l/132006-heads-up-action-soccer-vectrex-media.jpg</boxart3>
			</game>
			<game name="Hyperchase">
				<description>Hyperchase</description>
				<rom crc="4bb13472" name="MESS_0.151_Software_List_ROMs/vectrex.zip/MESS%200.151%20Software%20List%20ROMs%2Fvectrex%2Fhyprchas.zip" sha1="a246f1d94a5b062b60784787a1d6d499b21c10cd" size="3411" />
				<rom name="Mame172arcdcmplt/vectrex.zip" size="12900" />
				<title_clean>Hyperchase</title_clean>
				<plot>Watch out for the guardrail! You're behind the wheel of your formula one racer about to start the world's toughest grand prix. Shift through all four gears as you try to stay alive through city streets and country roads. Fire up your engine--the start lights are counting down!</plot>
				<releasedate>9/7/1982</releasedate>
				<year>1982</year>
				<genre>Racing / Miscellaneous Racing</genre>
				<studio>GCE</studio>
				<rating>4</rating>
				<gamefaqs_url>http://www.gamefaqs.com/vectrex/925075-hyperchase</gamefaqs_url>
				<mobygames_url>http://www.allgame.com/game.php?id=17288&amp;tab=overview</mobygames_url>
			</game>
			<game name="Mail Plane (Prototype)">
				<description>Mail Plane (Prototype)</description>
				<rom crc="da1ac0db" name="MESS_0.151_Software_List_ROMs/vectrex.zip/MESS%200.151%20Software%20List%20ROMs%2Fvectrex%2Fmailplan.zip" sha1="05f56e708f752ca801f8013c7da9b0db01508ba5" size="3752" />
				<rom name="Mame172arcdcmplt/vectrex.zip" size="12900" />
				<title_clean>Mail Plane</title_clean>
				<plot>As far as Vectrex games go, the holy grail for many collectors and gamers is the unreleased flight simulator, Mail Plane. This quirky take on the tried and tested genre made use of the obscure light-pen accessory to control the airborne vehicle tasking you with delivering letters. Unfortunately nobody got to experience this unique offering back in the day following the games cancellation.[CR]Having said that, the moment many of these deprived gamers had been waiting for finally arrived in November - a Mail Plane prototype cartridge surfaced on eBay in Pennsylvania, United States. Selling for a massive $877, one lucky bidder had finally secured the chance to experience this oddity once and for all, however, they had bigger plans for this title.[CR]Understanding the demand for this long lost title, AtariAge user Vectrexer - the new owner of this Mail Plane prototype - decided to generously create a ROM image of the game cartridge and release it online for free to the masses.[CR]As of today we can all finally experience Mail Plane in its original form, although there are a few more issues present. Not only do we need a Vectrex flash cartridge to load the ROM on to, but also the incredibly difficult to source Light Pen accessory.</plot>
				<releasedate>1/1/1983</releasedate>
				<year>1983</year>
				<genre>Flight Simulator</genre>
				<studio>GCE</studio>
				<nplayers>1</nplayers>
				<ESRB>E - Everyone</ESRB>
				<videoid>c8uO5QlW18M</videoid>
				<thegamesdb_id>36979</thegamesdb_id>
				<boxart1>http://thegamesdb.net/banners/boxart/original/front/36979-1.png</boxart1>
			</game>
			<game name="Melody Master">
				<description>Melody Master</description>
				<rom crc="afefa29c" name="MESS_0.151_Software_List_ROMs/vectrex.zip/MESS%200.151%20Software%20List%20ROMs%2Fvectrex%2Fmelody.zip" sha1="58aecc7fb1d26a22b09e9a13d845e4ed12e2449d" size="4935" />
				<rom name="Mame172arcdcmplt/vectrex.zip" size="12900" />
				<title_clean>Melody Master</title_clean>
				<plot>Enter a remarkable new world of musical entertainment and learning Melody Master&amp;trade;--a unique approach to music composition and education.</plot>
				<releasedate>9/7/1983</releasedate>
				<year>1983</year>
				<genre>Traditional / Tile Game</genre>
				<studio>GCE</studio>
				<rating>3</rating>
				<videoid>kEi3Zep93XM</videoid>
				<thegamesdb_id>32684</thegamesdb_id>
				<gamefaqs_url>http://www.gamefaqs.com/vectrex/937687-melody-master</gamefaqs_url>
				<mobygames_url>http://www.allgame.com/game.php?id=17301&amp;tab=overview</mobygames_url>
				<boxart1>http://thegamesdb.net/banners/boxart/original/front/32684-1.jpg</boxart1>
			</game>
			<game name="Mine Storm">
				<description>Mine Storm</description>
				<rom crc="6d509566" name="MESS_0.151_Software_List_ROMs/vectrex.zip/MESS%200.151%20Software%20List%20ROMs%2Fvectrex%2Fminestrm.zip" sha1="5f00ed35f189357b4a16a190520166371ca57906" size="3357" />
				<rom name="Mame172arcdcmplt/vectrex.zip" size="12900" />
				<title_clean>Mine Storm</title_clean>
				<plot>Unveiled at the Summer '82 CES in Chicago, the Vectrex is a stand-alone arcade system that uses vector (line) graphics instead of the usual raster or pixel images. Mine Storm, a game very similar to the Arcade version of Asteroids, is built in to this portable machine. In this game, transport lanes of intergalactic space have been seeded with mines from an alien vessel. You control a mine-destroying blaster that rotates on an axis and can fly and shoot in all directions (including off-screen) across the non-scrolling, star-studded playfield. Your job is to blast everything out of the sky so you can progress to the next level.There are four types of mines which appear at different stages of the game. Floating Mines, which are shaped like three-pointed stars, simply drift through space. Fireball Mines, which look like four-pointed, semi-square stars with a dot in the middle, hurl a fireball at you when you shoot them. Magnetic Mines, which resemble four-pointed stars, will follow you wherever you go. Magnetic-Fireball Mines share traits of both Magnetic and Fireball Mines.As you progress through the 13 mine fields in Mine Storm, the combinations of mines get more complex and harder to defeat. If you can somehow make it through the 13 stages, you will enter a new type of universe. Space dust and new aliens add more action and challenge to this new world.</plot>
				<releasedate>9/7/1982</releasedate>
				<year>1982</year>
				<genre>Shooter / Fixed Screen Shooter</genre>
				<studio>GCE</studio>
				<rating>7</rating>
				<videoid>oKl1ZuiVqMc</videoid>
				<thegamesdb_id>32725</thegamesdb_id>
				<gamefaqs_url>http://www.gamefaqs.com/vectrex/576749-minestorm</gamefaqs_url>
				<mobygames_url>http://www.allgame.com/game.php?id=17293&amp;tab=overview</mobygames_url>
				<giantbomb_url>http://www.giantbomb.com/mine-storm/3030-4037/</giantbomb_url>
				<boxart1>http://thegamesdb.net/banners/boxart/original/front/32725-1.png</boxart1>
			</game>
			<game name="Mine Storm II">
				<description>Mine Storm II</description>
				<rom crc="f5b3b374" name="MESS_0.151_Software_List_ROMs/vectrex.zip/MESS%200.151%20Software%20List%20ROMs%2Fvectrex%2Fminestr2.zip" sha1="1fdcc6e54ae5177bc9cdc79ce616ae3401e5c229" size="3398" />
				<rom name="Mame172arcdcmplt/vectrex.zip" size="12900" />
				<title_clean>Mine Storm II</title_clean>
				<plot>If you power on a Vectrex without a cart inserted, Mine Storm automatically loads.[CR]</plot>
				<releasedate>30/11/1982</releasedate>
				<year>1982</year>
				<genre>Action</genre>
				<studio>GCE</studio>
				<nplayers>1-2 Sim</nplayers>
				<rating>7</rating>
				<videoid>XLson0x4_J4</videoid>
				<thegamesdb_id>32685</thegamesdb_id>
				<mobygames_url>http://www.mobygames.com/game/vectrex/mine-storm</mobygames_url>
				<giantbomb_url>http://www.giantbomb.com/mine-storm/3030-4037/</giantbomb_url>
				<boxart1>http://thegamesdb.net/banners/boxart/original/front/32685-1.png</boxart1>
				<snapshot1>http://www.mobygames.com/images/shots/l/64450-mine-storm-vectrex-screenshot-mine-storm.jpg</snapshot1>
				<snapshot2>http://www.mobygames.com/images/shots/l/64451-mine-storm-vectrex-screenshot-an-alien-ship-drops-mines.jpg</snapshot2>
				<snapshot3>http://www.mobygames.com/images/shots/l/64452-mine-storm-vectrex-screenshot-mines-before-activation.jpg</snapshot3>
				<snapshot4>http://www.mobygames.com/images/shots/l/64453-mine-storm-vectrex-screenshot-four-latge-active-floating-mines.jpg</snapshot4>
				<snapshot5>http://www.mobygames.com/images/shots/l/64454-mine-storm-vectrex-screenshot-many-mines-now-o-o.jpg</snapshot5>
				<snapshot6>http://www.mobygames.com/images/shots/l/64455-mine-storm-vectrex-screenshot-shooting-a-mine.jpg</snapshot6>
				<snapshot7>http://www.mobygames.com/images/shots/l/64448-mine-storm-vectrex-screenshot-game-over.jpg</snapshot7>
			</game>
			<game name="Narrow Escape">
				<description>Narrow Escape</description>
				<rom crc="050bd949" name="MESS_0.151_Software_List_ROMs/vectrex.zip/MESS%200.151%20Software%20List%20ROMs%2Fvectrex%2Fnarrowes.zip" sha1="9e5d23cb7ef111394e1804e105b6dd277c062df6" size="5380" />
				<rom name="Mame172arcdcmplt/vectrex.zip" size="12900" />
				<title_clean>Narrow Escape</title_clean>
				<plot>The goal in Narrow Escape is to successfully navigate a ship through the narrow, fast-moving passages of the warlord's fortress, destroy the defense forces and avoid space debris. The player's ship must also be maneuvered through small holes in a series of walls where fuel cells can be picked up to restore the ship's constantly decreasing fuel supply. If the player pilots their ship successfully, they will be faced with the warlord's own escape ship which must be hit several times to be destroyed, liberating the star system from the warlord's tyranny.[CR]Each level becomes more difficult as everything will move faster, fuel will be consumed more quickly, the holes in the walls will become smaller, and more menacing defense forces will appear.[CR]Each level of game play consists of two phases:[CR]1. Passages: During the first phase of each level, the player must maneuver their ship through the narrow, moving passages with the joystick while shooting six of the warlord's defense forces with button 4. If any of the six are missed, they will go off-screen and be recycled to give the player another chance, but more fuel will be used. In addition to various defense forces which must be destroyed, there are extra targets that can be shot for additional points. Unlike the regular defense forces, the extra targets are non-threatening in that they will not shoot or crash into the player's ship. During this phase, space debris will also be shooting up through the play field. Space debris cannot be shot and can only be avoided by dodging it by moving from side to side. The walls of the narrow passage are also a danger to the player. If the player's ship crashes into a wall, a life will be lost. There are gaps between the moving walls which the player can maneuver quickly into and out of so as to avoid approaching enemies or space debris, however as game play becomes faster this will present a higher risk to crashing into oncoming walls.[CR]2. Walls: If the passages are successfully navigated and the the required six defense forces are destroyed, the player will enter the second phase. This is a series of walls with holes. In the first level of the game, there are five successive walls, each with one hole through which the player must maneuver their ship. In the second level of play, there will be six successive walls, in the third level, seven walls, etc. Also the size of the holes will become smaller in each new level. The hole will be in a different location on each wall. After passing through the hole in each wall (but prior to entering the hole in the next wall) there will be a fuel cell which must be passed to pick up. If the fuel cells are missed, the game will continue, but the fuel gauge will be continuously depleting. Note: in early levels of the game, all of the fuel cells will not need to be captured. However as the game progresses and fuel is consumed faster, all of the fuel cells will need to be captured in order to make it through the next level.[CR]After successfully completing three levels of play, the player will come face-to-face with the warlord's escape ship in open space. The warlord's ship must be shot five times to be destroyed during the first encounter, seven times on the next encounter, nine times the next, etc. The warlord's ship will shoot torpedoes at the player's ship, which can be either avoided or shot at to be destroyed. If the warlord's escape ship is destroyed, the player will enter the next level of play and the game will continue.</plot>
				<releasedate>1/1/1983</releasedate>
				<year>1983</year>
				<genre>Shooter</genre>
				<studio>GCE</studio>
				<nplayers>1</nplayers>
				<ESRB>E - Everyone</ESRB>
				<videoid>gUl-l2QqzSs</videoid>
				<thegamesdb_id>32686</thegamesdb_id>
				<boxart1>http://thegamesdb.net/banners/boxart/original/front/32686-1.jpg</boxart1>
			</game>
			<game name="Pitcher's Duel (Prototype)">
				<description>Pitcher's Duel (Prototype)</description>
				<rom crc="c25f2e0e" name="MESS_0.151_Software_List_ROMs/vectrex.zip/MESS%200.151%20Software%20List%20ROMs%2Fvectrex%2Fptchduel.zip" sha1="f6f26beb20bb364761a9466ff4087c7b9713d048" size="6531" />
				<rom name="Mame172arcdcmplt/vectrex.zip" size="12900" />
				<title_clean>Pitcher's Duel</title_clean>
				<plot>Pitchers Duel is a Sports game, developed by GCE and published by CGE Services,which was released in 2007.</plot>
				<releasedate>28/7/2007</releasedate>
				<year>2007</year>
				<genre>Sports / Baseball</genre>
				<studio>CGE Services Corporation</studio>
				<nplayers>1</nplayers>
				<rating>5</rating>
				<ESRB>E - Everyone</ESRB>
				<videoid>GX9Ekd6g3Dc</videoid>
				<thegamesdb_id>36980</thegamesdb_id>
				<gamefaqs_url>http://www.gamefaqs.com/vectrex/942663-pitchers-duel</gamefaqs_url>
				<mobygames_url>http://www.allgame.com/game.php?id=53249&amp;tab=overview</mobygames_url>
				<boxart1>http://thegamesdb.net/banners/boxart/original/front/36980-1.png</boxart1>
			</game>
			<game name="Polar Rescue">
				<description>Polar Rescue</description>
				<rom crc="a7471784" name="MESS_0.151_Software_List_ROMs/vectrex.zip/MESS%200.151%20Software%20List%20ROMs%2Fvectrex%2Fpolarres.zip" sha1="87248dcd3db51c1ebf3f8e07e21ec021eec0b9be" size="6809" />
				<rom name="Mame172arcdcmplt/vectrex.zip" size="12900" />
				<title_clean>Polar Rescue</title_clean>
				<plot>Polar Rescue is an Action game, developed and published by GCE,which was released in 1983.</plot>
				<releasedate>9/7/1983</releasedate>
				<year>1983</year>
				<genre>Action, Shooter, First-Person, Miscellaneous</genre>
				<studio>GCE</studio>
				<nplayers>1-2 Alt</nplayers>
				<videoid>RA3yXY0jzCE</videoid>
				<thegamesdb_id>32688</thegamesdb_id>
				<gamefaqs_url>http://www.gamefaqs.com/vectrex/924625-polar-rescue</gamefaqs_url>
				<mobygames_url>http://www.mobygames.com/game/vectrex/polar-rescue</mobygames_url>
				<giantbomb_url>http://www.giantbomb.com/polar-rescue/3030-3986/</giantbomb_url>
				<boxart1>http://thegamesdb.net/banners/boxart/original/front/32688-1.jpg</boxart1>
				<snapshot1>http://www.mobygames.com/images/shots/l/72924-polar-rescue-vectrex-screenshot-title-screen.jpg</snapshot1>
				<snapshot2>http://www.mobygames.com/images/shots/l/72925-polar-rescue-vectrex-screenshot-launching-your-submarine.jpg</snapshot2>
				<snapshot3>http://www.mobygames.com/images/shots/l/72926-polar-rescue-vectrex-screenshot-watch-out-for-large-chunks.jpg</snapshot3>
				<snapshot4>http://www.mobygames.com/images/shots/l/72927-polar-rescue-vectrex-screenshot-underwater-mines.jpg</snapshot4>
				<snapshot5>http://www.mobygames.com/images/shots/l/72928-polar-rescue-vectrex-screenshot-an-enemy-submarine-in-sight.jpg</snapshot5>
				<snapshot6>http://www.mobygames.com/images/shots/l/72929-polar-rescue-vectrex-screenshot-attempting-to-dock-with-the.jpg</snapshot6>
			</game>
			<game name="Polar Rescue">
				<description>Polar Rescue</description>
				<rom crc="a7471784" name="MESS_0.151_Software_List_ROMs/vectrex.zip/MESS%200.151%20Software%20List%20ROMs%2Fvectrex%2Fpolarresb.zip" sha1="87248dcd3db51c1ebf3f8e07e21ec021eec0b9be" size="6746" />
				<rom name="Mame172arcdcmplt/vectrex.zip" size="12900" />
				<title_clean>Polar Rescue</title_clean>
				<plot>Polar Rescue is an Action game, developed and published by GCE,which was released in 1983.</plot>
				<releasedate>9/7/1983</releasedate>
				<year>1983</year>
				<genre>Action, Shooter, First-Person, Miscellaneous</genre>
				<studio>GCE</studio>
				<nplayers>1-2 Alt</nplayers>
				<videoid>RA3yXY0jzCE</videoid>
				<thegamesdb_id>32688</thegamesdb_id>
				<gamefaqs_url>http://www.gamefaqs.com/vectrex/924625-polar-rescue</gamefaqs_url>
				<mobygames_url>http://www.mobygames.com/game/vectrex/polar-rescue</mobygames_url>
				<giantbomb_url>http://www.giantbomb.com/polar-rescue/3030-3986/</giantbomb_url>
				<boxart1>http://static.giantbomb.com/uploads/scale_large/0/6182/1732198-polar_rescue.jpg</boxart1>
				<snapshot1>http://www.mobygames.com/images/shots/l/72924-polar-rescue-vectrex-screenshot-title-screen.jpg</snapshot1>
				<snapshot2>http://www.mobygames.com/images/shots/l/72925-polar-rescue-vectrex-screenshot-launching-your-submarine.jpg</snapshot2>
				<snapshot3>http://www.mobygames.com/images/shots/l/72926-polar-rescue-vectrex-screenshot-watch-out-for-large-chunks.jpg</snapshot3>
				<snapshot4>http://www.mobygames.com/images/shots/l/72927-polar-rescue-vectrex-screenshot-underwater-mines.jpg</snapshot4>
				<snapshot5>http://www.mobygames.com/images/shots/l/72928-polar-rescue-vectrex-screenshot-an-enemy-submarine-in-sight.jpg</snapshot5>
				<snapshot6>http://www.mobygames.com/images/shots/l/72929-polar-rescue-vectrex-screenshot-attempting-to-dock-with-the.jpg</snapshot6>
			</game>
			<game name="Pole Position">
				<description>Pole Position</description>
				<rom crc="a00ed3d6" name="MESS_0.151_Software_List_ROMs/vectrex.zip/MESS%200.151%20Software%20List%20ROMs%2Fvectrex%2Fpolepos.zip" sha1="8454d472435e7a6a4ca5fe129162480ca6e84b87" size="6207" />
				<rom name="Mame172arcdcmplt/vectrex.zip" size="12900" />
				<title_clean>Pole Position</title_clean>
				<plot>[CR][B]Overview:[/B][CR]Pole Position was an arcade game released in 1982, developed by Namco. The game is seen as revolutionary for its popularization of sprite based, pseudo-3D graphics. It was one of the first games to use the "rear-view racer format" that would change the way in which racing games were developed. Pole Position was also one of the first games to feature in-game advertising. It was also the first ever 16-bit video game, utilizing two 16/32-bit Zilog Z8002 processors.When looking for a publisher in the United States, Namco originally approached Midway with a choice between two games, Pole Position or Mappy. Midway chose Mappy and Namco turned to Atari to publish the game. Midway would miss out on a large opportunity as Pole Position became one of the most popular arcade games of 80s and was ported to an assortment of different consoles. The game even spawned its own Saturday morning cartoon show on CBS. [CR]</plot>
				<releasedate>9/7/1983</releasedate>
				<year>1983</year>
				<genre>Racing / Formula-1/Indy Racing</genre>
				<studio>GCE</studio>
				<rating>5</rating>
				<videoid>Br6Am65nJPQ</videoid>
				<thegamesdb_id>32689</thegamesdb_id>
				<gamefaqs_url>http://www.gamefaqs.com/vectrex/937688-pole-position</gamefaqs_url>
				<mobygames_url>http://www.allgame.com/game.php?id=17309&amp;tab=overview</mobygames_url>
				<giantbomb_url>http://www.giantbomb.com/pole-position/3030-10087/</giantbomb_url>
				<boxart1>http://thegamesdb.net/banners/boxart/original/front/32689-1.jpg</boxart1>
				<boxart2>http://static.giantbomb.com/uploads/scale_large/16/165930/2307548-poleposition_2600_back_red.jpg</boxart2>
				<snapshot1>http://thegamesdb.net/banners/screenshots/32689-1.jpg</snapshot1>
				<snapshot2>http://static.giantbomb.com/uploads/scale_large/0/3568/548813-poleposition_vec_00.png</snapshot2>
				<snapshot3>http://static.giantbomb.com/uploads/scale_large/0/3568/548811-poleposition_c64_01.gif</snapshot3>
				<snapshot4>http://static.giantbomb.com/uploads/scale_large/0/3568/548810-poleposition_c64_00.gif</snapshot4>
				<snapshot5>http://static.giantbomb.com/uploads/scale_large/0/3568/548805-poleposition_5200_00.gif</snapshot5>
				<snapshot6>http://static.giantbomb.com/uploads/scale_large/1/15568/504992-pole_position__1983___atari__5.png</snapshot6>
				<snapshot7>http://static.giantbomb.com/uploads/scale_large/1/15568/504991-pole_position__1983___atari__4.png</snapshot7>
				<snapshot8>http://static.giantbomb.com/uploads/scale_large/1/15568/504990-pole_position__1983___atari__3.png</snapshot8>
				<snapshot9>http://static.giantbomb.com/uploads/scale_large/1/15568/504989-pole_position__1983___atari__2.png</snapshot9>
				<snapshot10>http://static.giantbomb.com/uploads/scale_large/1/15568/504988-pole_position__1983___atari__1.png</snapshot10>
			</game>
			<game name="Pole Position (Alt)">
				<description>Pole Position (Alt)</description>
				<rom crc="c10f37d8" name="MESS_0.151_Software_List_ROMs/vectrex.zip/MESS%200.151%20Software%20List%20ROMs%2Fvectrex%2Fpoleposa.zip" sha1="9f5b0b5e6caf6d887d3637ace70ad6a6258b999d" size="6210" />
				<rom name="Mame172arcdcmplt/vectrex.zip" size="12900" />
				<title_clean>Pole Position</title_clean>
				<plot>[CR][B]Overview:[/B][CR]Pole Position was an arcade game released in 1982, developed by Namco. The game is seen as revolutionary for its popularization of sprite based, pseudo-3D graphics. It was one of the first games to use the "rear-view racer format" that would change the way in which racing games were developed. Pole Position was also one of the first games to feature in-game advertising. It was also the first ever 16-bit video game, utilizing two 16/32-bit Zilog Z8002 processors.When looking for a publisher in the United States, Namco originally approached Midway with a choice between two games, Pole Position or Mappy. Midway chose Mappy and Namco turned to Atari to publish the game. Midway would miss out on a large opportunity as Pole Position became one of the most popular arcade games of 80s and was ported to an assortment of different consoles. The game even spawned its own Saturday morning cartoon show on CBS. [CR]</plot>
				<releasedate>9/7/1983</releasedate>
				<year>1983</year>
				<genre>Racing / Formula-1/Indy Racing</genre>
				<studio>GCE</studio>
				<rating>5</rating>
				<videoid>Br6Am65nJPQ</videoid>
				<thegamesdb_id>32689</thegamesdb_id>
				<gamefaqs_url>http://www.gamefaqs.com/vectrex/937688-pole-position</gamefaqs_url>
				<mobygames_url>http://www.allgame.com/game.php?id=17309&amp;tab=overview</mobygames_url>
				<giantbomb_url>http://www.giantbomb.com/pole-position/3030-10087/</giantbomb_url>
				<boxart1>http://static.giantbomb.com/uploads/scale_large/9/93770/2366215-a5200_poleposition.jpg</boxart1>
				<boxart2>http://static.giantbomb.com/uploads/scale_large/16/165930/2307548-poleposition_2600_back_red.jpg</boxart2>
				<snapshot1>http://thegamesdb.net/banners/screenshots/32689-1.jpg</snapshot1>
				<snapshot2>http://static.giantbomb.com/uploads/scale_large/0/3568/548813-poleposition_vec_00.png</snapshot2>
				<snapshot3>http://static.giantbomb.com/uploads/scale_large/0/3568/548811-poleposition_c64_01.gif</snapshot3>
				<snapshot4>http://static.giantbomb.com/uploads/scale_large/0/3568/548810-poleposition_c64_00.gif</snapshot4>
				<snapshot5>http://static.giantbomb.com/uploads/scale_large/0/3568/548805-poleposition_5200_00.gif</snapshot5>
				<snapshot6>http://static.giantbomb.com/uploads/scale_large/1/15568/504992-pole_position__1983___atari__5.png</snapshot6>
				<snapshot7>http://static.giantbomb.com/uploads/scale_large/1/15568/504991-pole_position__1983___atari__4.png</snapshot7>
				<snapshot8>http://static.giantbomb.com/uploads/scale_large/1/15568/504990-pole_position__1983___atari__3.png</snapshot8>
				<snapshot9>http://static.giantbomb.com/uploads/scale_large/1/15568/504989-pole_position__1983___atari__2.png</snapshot9>
				<snapshot10>http://static.giantbomb.com/uploads/scale_large/1/15568/504988-pole_position__1983___atari__1.png</snapshot10>
			</game>
			<game name="Rip-Off">
				<description>Rip-Off</description>
				<rom crc="34a98132" name="MESS_0.151_Software_List_ROMs/vectrex.zip/MESS%200.151%20Software%20List%20ROMs%2Fvectrex%2Fripoff.zip" sha1="22f7a490f6f7aaa31e892b03a85178af211f62e3" size="3553" />
				<rom name="Mame172arcdcmplt/vectrex.zip" size="12900" />
				<title_clean>Rip-Off</title_clean>
				<plot>Rip Off is based on the classic Cinematronics vector graphics coin-op game. This game challenges you to guard a quantity of fuel cells from scavaging space pirates.The game begins with four or eight fuel cells located in the middle of the screen. The pirates attack in waves of two or three ships. You must use your spaceship to shoot down the pirates before they can link up with a fuel cell and tow it off the screen. The game ends when all your fuel cells have been ripped off.As the game progresses, the pirates become faster and more deadly. Some of the pirate ships are armed with lasers, others will deliberately ram you. Fortunately, Rip Off allows cooperative two-player play so you can enlist the aid of a friend when the going gets tough.</plot>
				<releasedate>9/7/1982</releasedate>
				<year>1982</year>
				<genre>Shooter / Fixed Screen Shooter</genre>
				<studio>GCE</studio>
				<nplayers>1</nplayers>
				<rating>6</rating>
				<videoid>tYiQKhGcIYE</videoid>
				<thegamesdb_id>32726</thegamesdb_id>
				<gamefaqs_url>http://www.gamefaqs.com/vectrex/562926-rip-off</gamefaqs_url>
				<mobygames_url>http://www.allgame.com/game.php?id=17286&amp;tab=overview</mobygames_url>
				<giantbomb_url>http://www.giantbomb.com/rip-off/3030-2036/</giantbomb_url>
				<boxart1>http://thegamesdb.net/banners/boxart/original/front/32726-1.png</boxart1>
			</game>
			<game name="Scramble">
				<description>Scramble</description>
				<rom crc="707c8ffe" name="MESS_0.151_Software_List_ROMs/vectrex.zip/MESS%200.151%20Software%20List%20ROMs%2Fvectrex%2Fscramble.zip" sha1="38e38b5c60466146d4648f8929b5ce3a08dcbe0d" size="3501" />
				<rom name="Mame172arcdcmplt/vectrex.zip" size="12900" />
				<title_clean>Scramble</title_clean>
				<plot>[CR][B]Overview:[/B][CR]Scramble is a side-scrolling shooter originally developed by Konami for the arcade. The game predates Gradius, and shares many qualities with that classic franchise.Scramble is a side-scrolling shooter with forced scrolling. It was the first scrolling shooter to offer multiple, distinct levels. The game is thus credited with setting the template for most of the side-scrolling shooters that followed its release.[CR][B]Gameplay:[/B][CR]Scramble's second stageScramble is a horizontal shooter played using a four-way joystick and two buttons that control the forward guns and bombs. The game has six stages, and in each stage the player must navigate a gauntlet of enemies. The environment is also a considerable hazard as the terrain can be difficult to navigate with the slow ship. Additionally, the ship is constantly running out of fuel, and must refuel on the fly by destroying fuel tanks that litter the stages. The final stage requires the player to finish a tricky bombing run, which if they fail, they must repeat the stage. After finishing the last level, the game loops back to the first stage and plays again at a higher difficulty level where the ship runs out of fuel more quickly.[CR][B]Legacy:[/B][CR]Arcade flyerScramble was ported to many different home game systems and computers, both legally and as illegal clones. It was the subject of an important intellectual property case (Stern Electronics, Inc. v. Kaufman, 669 F.2d 852) where it was ruled that Stern Electronics Inc. (the game's publisher in North America) could copyright the images and sounds in a game and not just the game's source code.Sequels and Relation To GradiusThe arcade game Super Cobra could be called a sequel to Scramble, as it shares basically the same game mechanic as the original. Scramble is also cited as a predecessor to Gradius in both the introduction to Gradius Galaxies on the Game Boy Advance and the Gradius Breakdown bonus DVD included with Gradius V; however, Konami disputed the relation in their guide for the Gradius Portable collection on PSP. Although Scramble may now not be part of the official Gradius continuum, it's easy to see how some of the features of Scramble, such as independently-fired weapons and hazardous terrain, were further developed for Gradius.[CR]</plot>
				<releasedate>9/7/1982</releasedate>
				<year>1982</year>
				<genre>Shooter / Side-Scrolling Shooter</genre>
				<studio>GCE</studio>
				<rating>7</rating>
				<videoid>JA5O18j0YlQ</videoid>
				<thegamesdb_id>32727</thegamesdb_id>
				<gamefaqs_url>http://www.gamefaqs.com/vectrex/562927-scramble</gamefaqs_url>
				<mobygames_url>http://www.allgame.com/game.php?id=17282&amp;tab=overview</mobygames_url>
				<giantbomb_url>http://www.giantbomb.com/scramble/3030-14662/</giantbomb_url>
				<boxart1>http://thegamesdb.net/banners/boxart/original/front/32727-1.png</boxart1>
				<snapshot1>http://static.giantbomb.com/uploads/scale_large/2/29460/891026-scramble.png</snapshot1>
				<snapshot2>http://static.giantbomb.com/uploads/scale_large/0/8273/537347-scramble_5.png</snapshot2>
				<snapshot3>http://static.giantbomb.com/uploads/scale_large/0/8273/537345-scramble_4.png</snapshot3>
				<snapshot4>http://static.giantbomb.com/uploads/scale_large/0/8273/537343-scramble_3.png</snapshot4>
				<snapshot5>http://static.giantbomb.com/uploads/scale_large/0/8273/537332-scramble_2.png</snapshot5>
				<snapshot6>http://static.giantbomb.com/uploads/scale_large/0/8273/537329-scramble_1.png</snapshot6>
				<snapshot7>http://static.giantbomb.com/uploads/scale_large/0/1364/459273-picviewnew.jpg</snapshot7>
				<clearlogo1>http://thegamesdb.net/banners/clearlogo/32727.png</clearlogo1>
			</game>
			<game name="Solar Quest">
				<description>Solar Quest</description>
				<rom crc="5c4611c8" name="MESS_0.151_Software_List_ROMs/vectrex.zip/MESS%200.151%20Software%20List%20ROMs%2Fvectrex%2Fsolarq.zip" sha1="38072dc491d5c729c06f4c50bc310d361e0ff62a" size="3350" />
				<rom name="Mame172arcdcmplt/vectrex.zip" size="12900" />
				<title_clean>Solar Quest</title_clean>
				<plot>How many types of alien vessels will you be able to destroy? Seven different types are after you. You must first destroy them and then attempt to rescure the survivors before they float into the sun. Don't get your ship too close to the sun...it's high temperatures can destroy you.</plot>
				<releasedate>9/7/1982</releasedate>
				<year>1983</year>
				<genre>Shooter / Fixed Screen Shooter</genre>
				<studio>GCE</studio>
				<rating>4</rating>
				<videoid>dtWQdYIyiP8</videoid>
				<thegamesdb_id>32728</thegamesdb_id>
				<gamefaqs_url>http://www.gamefaqs.com/vectrex/570145-solar-quest</gamefaqs_url>
				<mobygames_url>http://www.allgame.com/game.php?id=17291&amp;tab=overview</mobygames_url>
				<boxart1>http://thegamesdb.net/banners/boxart/original/front/32728-1.png</boxart1>
			</game>
			<game name="Space Wars">
				<description>Space Wars</description>
				<rom crc="a3be5aff" name="MESS_0.151_Software_List_ROMs/vectrex.zip/MESS%200.151%20Software%20List%20ROMs%2Fvectrex%2Fspacewar.zip" sha1="0c229dd12a55044681585f7fdabd37dbc1243b59" size="3125" />
				<rom name="Mame172arcdcmplt/vectrex.zip" size="12900" />
				<title_clean>Space Wars</title_clean>
				<plot>Space Wars is based on the classic Cinematronics vector graphics coin-op game of the same name. This is a one-on-one duel between a pair of hostile space ships. A single player may take on the computer or two opponents can compete head to head.Each ship starts with a limited amount of energy for lasers and thrust. A ship may be damaged by a glancing blow or completely destroyed by a direct hit. Once a ship is destroyed, the player who destroyed it receives one point and the battle starts again with both ships fully refuelled. The game ends when one player has scored ten points.Seven different game variations are available. These can be used to adjust the speed of the ships and lasers. The game variations also affect the gravitational pull of the sun in the center of the screen.</plot>
				<releasedate>9/7/1982</releasedate>
				<year>1982</year>
				<genre>Shooter / Fixed Screen Shooter</genre>
				<studio>GCE</studio>
				<rating>5</rating>
				<videoid>w2mb-ENbxxg</videoid>
				<thegamesdb_id>32799</thegamesdb_id>
				<gamefaqs_url>http://www.gamefaqs.com/vectrex/576751-space-wars</gamefaqs_url>
				<mobygames_url>http://www.allgame.com/game.php?id=17281&amp;tab=overview</mobygames_url>
				<giantbomb_url>http://www.giantbomb.com/space-wars/3030-10002/</giantbomb_url>
				<boxart1>http://thegamesdb.net/banners/boxart/original/front/32799-1.jpg</boxart1>
			</game>
			<game name="Spike">
				<description>Spike</description>
				<rom crc="62a61843" name="MESS_0.151_Software_List_ROMs/vectrex.zip/MESS%200.151%20Software%20List%20ROMs%2Fvectrex%2Fspike.zip" sha1="8bba6705e6f69f55ab6d105eac2fd5b0c0d16d9f" size="7173" />
				<rom name="Mame172arcdcmplt/vectrex.zip" size="12900" />
				<title_clean>Spike</title_clean>
				<plot>The dastardly villain Spud has kidnapped our heroine, the lovely and oh so innocent Molly, and taken her far away to his secret hideout. 'Eek! Help, Spike!'Spike, our courageous hero and Molly's true love, races to her rescure. He'll be relying on your skills and split-second timing to help him in his quest to save poor Molly. Maneuver Spike through treacherous obstacles and avoid the dangerous creatures along the way to Spud's hideout. If you're successful, Spike can rescure Molly and the two will live happily ever after--that is until Spud strikes again. 'Oh, No!'</plot>
				<releasedate>9/7/1983</releasedate>
				<year>1983</year>
				<genre>Action / Side-Scrolling Platform</genre>
				<studio>GCE</studio>
				<rating>2</rating>
				<videoid>6QdWpcD3B2U</videoid>
				<thegamesdb_id>32801</thegamesdb_id>
				<gamefaqs_url>http://www.gamefaqs.com/vectrex/576752-spike</gamefaqs_url>
				<mobygames_url>http://www.allgame.com/game.php?id=17297&amp;tab=overview</mobygames_url>
				<giantbomb_url>http://www.giantbomb.com/spike/3030-17299/</giantbomb_url>
				<boxart1>http://thegamesdb.net/banners/boxart/original/front/32801-1.jpg</boxart1>
				<snapshot1>http://static.giantbomb.com/uploads/scale_large/1/11244/1482682-spike_large.jpg</snapshot1>
			</game>
			<game name="Spinball">
				<description>Spinball</description>
				<rom crc="02f41733" name="MESS_0.151_Software_List_ROMs/vectrex.zip/MESS%200.151%20Software%20List%20ROMs%2Fvectrex%2Fspinball.zip" sha1="2e8285061530ccadfa2d8d11c374ae244449ebfa" size="6823" />
				<rom name="Mame172arcdcmplt/vectrex.zip" size="12900" />
				<title_clean>Spinball</title_clean>
				<plot>Spinball is a Miscellaneous game, developed by GCE and published by Milton Bradley,which was released in 1983.</plot>
				<releasedate>9/7/1982</releasedate>
				<year>1983</year>
				<genre>Traditional / 2D Pinball</genre>
				<studio>GCE</studio>
				<nplayers>1-2 Alt</nplayers>
				<rating>6</rating>
				<videoid>OTEM6Ddt2y4</videoid>
				<thegamesdb_id>32798</thegamesdb_id>
				<gamefaqs_url>http://www.gamefaqs.com/vectrex/937686-spinball</gamefaqs_url>
				<mobygames_url>http://www.allgame.com/game.php?id=17308&amp;tab=overview</mobygames_url>
				<giantbomb_url>http://www.giantbomb.com/spin-ball/3030-14578/</giantbomb_url>
				<boxart1>http://thegamesdb.net/banners/boxart/original/front/32798-1.jpg</boxart1>
			</game>
			<game name="Star Castle">
				<description>Star Castle</description>
				<rom crc="c9039623" name="MESS_0.151_Software_List_ROMs/vectrex.zip/MESS%200.151%20Software%20List%20ROMs%2Fvectrex%2Fstarcas.zip" sha1="c9b79f1ba30dcbce5a068b606a97775cf863fe0a" size="3373" />
				<rom name="Mame172arcdcmplt/vectrex.zip" size="12900" />
				<title_clean>Star Castle</title_clean>
				<plot>[CR] Gameplay: [CR] During gameplay the cannon located in the center of the screen would "track" your ship and occasionally shoot a large energy blast at you which you needed to avoid.  As you would shoot the outer "ring", pieces would disappear, if you totally destroyed every "piece" of a ring, the ring would regenerate completely.  The object was to create "holes" in all three rings in which you could make a timed. well-aimed shot at the center cannon.  Some ring "parts" held "sparks" that once the part was shot, the spark would release and slowly chase your ship around the screen.  You could fly off the screen in any direction and instantly "warp" to the opposite side, also like Asteroids.     [CR]Graphics: [CR] As was typical with Vector Graphic games of the time (Asteroids, Rip Off, etc.) there was no "color" other than the white vectors, so to add color to this game's screen a colored film was applied to every cabinet.       Controls:  Star Castle's controls were similar to Asteroids.  They consisted of: Rotate LeftRotate RightThrustFire[CR]</plot>
				<releasedate>9/7/1983</releasedate>
				<year>1983</year>
				<genre>Shooter / Fixed Screen Shooter</genre>
				<studio>GCE</studio>
				<rating>8</rating>
				<videoid>UNWav6ioiMw</videoid>
				<thegamesdb_id>32802</thegamesdb_id>
				<gamefaqs_url>http://www.gamefaqs.com/vectrex/562928-star-castle</gamefaqs_url>
				<mobygames_url>http://www.allgame.com/game.php?id=18927&amp;tab=overview</mobygames_url>
				<giantbomb_url>http://www.giantbomb.com/star-castle/3030-13317/</giantbomb_url>
				<boxart1>http://thegamesdb.net/banners/boxart/original/front/32802-1.jpg</boxart1>
				<snapshot1>http://static.giantbomb.com/uploads/scale_large/0/8273/627258-1079209513_05.png</snapshot1>
				<snapshot2>http://static.giantbomb.com/uploads/scale_large/0/8273/627257-1079209513_04.png</snapshot2>
				<snapshot3>http://static.giantbomb.com/uploads/scale_large/0/8273/627256-1079209513_03.png</snapshot3>
				<snapshot4>http://static.giantbomb.com/uploads/scale_large/0/8273/627255-1079209513_02.png</snapshot4>
				<snapshot5>http://static.giantbomb.com/uploads/scale_large/0/8273/627254-1079209513_01.png</snapshot5>
				<snapshot6>http://static.giantbomb.com/uploads/scale_large/0/8273/627253-1079209513_00.png</snapshot6>
				<snapshot7>http://static.giantbomb.com/uploads/scale_large/0/8273/503457-225px_starcastle.png</snapshot7>
				<clearlogo1>http://thegamesdb.net/banners/clearlogo/32802.png</clearlogo1>
			</game>
			<game name="Star Ship">
				<description>Star Ship</description>
				<rom crc="7967a8cb" name="MESS_0.151_Software_List_ROMs/vectrex.zip/MESS%200.151%20Software%20List%20ROMs%2Fvectrex%2Fstarship.zip" sha1="d182eac5a54ffc642fcbe4a495c7c09f87b43585" size="3503" />
				<rom name="Mame172arcdcmplt/vectrex.zip" size="12900" />
				<title_clean>Star Ship</title_clean>
				<plot>This text refers to the Atari Video Computer System version of this title.Make a journey into space in with Star Ship, one of the original nine titles released for the Atari 2600. Choose between flying a spaceship through the cosmos and shooting down enemy ships, or piloting a lunar lander. The first four games are variations of Star Ship for one player. You play for two minutes and 16 seconds and try to destroy as many star fighters, flying saucers and space robots as you can. They move faster or slower depending on which version you select and may appear one or two at a time.The next five variations are for two players. One player is in command of a star ship after the other player's space module. These variations last for four minutes and 32 seconds each, and at the halfway point the players switch ships.In the two Warp Drive games, which are for one player, the object is to cover as much distance as possible, while avoiding asteroids.Lunar Lander makes up the final set of games. The object is to simply land on the moon. In the two-player variation, one player controls the lander and the other controls the moon in order to prevent the lander from landing.Points are scored as follows: One point for a star fighter, two for a flying saucer, three for a space robot and two for the space module. Asteroids can't be destroyed.</plot>
				<releasedate>9/7/1982</releasedate>
				<year>1982</year>
				<genre>Shooter / Fixed Screen Shooter</genre>
				<studio>Milton Bradley Company</studio>
				<videoid>dRy46bnOdDo</videoid>
				<thegamesdb_id>33341</thegamesdb_id>
				<gamefaqs_url>http://www.gamefaqs.com/vectrex/929712-star-trek-the-motion-picture</gamefaqs_url>
				<mobygames_url>http://www.allgame.com/game.php?id=17304&amp;tab=overview</mobygames_url>
				<boxart1>http://thegamesdb.net/banners/boxart/original/front/33341-1.jpg</boxart1>
			</game>
			<game name="Star Trek - The Game">
				<description>Star Trek - The Game</description>
				<rom crc="3768d8c3" name="MESS_0.151_Software_List_ROMs/vectrex.zip/MESS%200.151%20Software%20List%20ROMs%2Fvectrex%2Fstartrek.zip" sha1="3a2ee61316fb316d9e9efdf5ee405e813475b466" size="3470" />
				<rom name="Mame172arcdcmplt/vectrex.zip" size="12900" />
				<title_clean>Star Trek - The Game</title_clean>
				<plot>Star Trek: The Motion Picture is a first-person shooter set in the Star Trek universe. The player controls a ship equipped with photon torpedoes, trying to eliminate as many enemy ships as possible. After destroying a sufficient amount of enemies, the player advances to the next level.The screen has two status bars, one for the amount of torpedoes left, and one for the remaining shield. The shield is used to repel the star-shaped projectiles fired by enemy ships. Both bars can be replenished by docking with the space station that comes into view from time to time. It is also possible to warp into a black hole, where the player has to take on a Klingon mothership.</plot>
				<year>1982</year>
				<genre>Action</genre>
				<studio>GCE</studio>
				<nplayers>1</nplayers>
				<mobygames_url>http://www.mobygames.com/game/vectrex/star-trek-the-motion-picture</mobygames_url>
				<boxart3>http://www.mobygames.com/images/covers/l/132010-star-trek-the-motion-picture-vectrex-media.jpg</boxart3>
			</game>
			<game name="Star Hawk">
				<description>Star Hawk</description>
				<rom crc="4de1f06b" name="MESS_0.151_Software_List_ROMs/vectrex.zip/MESS%200.151%20Software%20List%20ROMs%2Fvectrex%2Fstarhawk.zip" sha1="d6b388b3951e34971c1b00c7fdf8dd00ad52df09" size="3141" />
				<rom name="Mame172arcdcmplt/vectrex.zip" size="12900" />
				<title_clean>Star Hawk</title_clean>
				<releasedate>9/7/1982</releasedate>
				<year>1982</year>
				<genre>Shooter / Fixed Screen Shooter</genre>
				<studio>GCE</studio>
				<nplayers>1-2 Alt</nplayers>
				<rating>4</rating>
				<ESRB>E - Everyone</ESRB>
				<thegamesdb_id>37537</thegamesdb_id>
				<gamefaqs_url>http://www.gamefaqs.com/vectrex/937689-starhawk</gamefaqs_url>
				<mobygames_url>http://www.allgame.com/game.php?id=17290&amp;tab=overview</mobygames_url>
				<giantbomb_url>http://www.giantbomb.com/starhawk/3030-1925/</giantbomb_url>
				<boxart1>http://thegamesdb.net/banners/boxart/original/front/37537-1.jpg</boxart1>
				<boxart2>http://static.giantbomb.com/uploads/scale_large/0/5278/367125-starhawk_back.jpg</boxart2>
				<snapshot1>http://static.giantbomb.com/uploads/scale_large/0/8273/537498-starhawk_3.png</snapshot1>
				<snapshot2>http://static.giantbomb.com/uploads/scale_large/0/8273/537491-starhawk_2.png</snapshot2>
				<snapshot3>http://static.giantbomb.com/uploads/scale_large/0/8273/537490-starhawk_1.png</snapshot3>
			</game>
</datafile>