<?xml version="1.0" encoding="UTF-8" standalone="yes"?>
<addon id="plugin.video.themxqprojectgaming" name="The MXQ Project - Retro Gaming Experience" version="1.0.0" provider-name="The MXQ Project">
  <requires>
    <import addon="xbmc.python" version="2.1.0"/>
  </requires>
  <extension point="xbmc.python.pluginsource" library="default.py">
        <provides>video executable</provides>
  </extension>
  <extension point="xbmc.addon.metadata">
    <summary lang="en">The MXQ Project - Retro Gaming Experience</summary>
    <description lang="en">The official MXQ Project - Retro Gaming Experience build installer.</description>
    <platform>all</platform>
  </extension>
</addon>