<?xml version="1.0" encoding="UTF-8" standalone="yes"?>
<addon id="repository.themxqproject" name="The MXQ Project Repo" version="1.0.1" provider-name="The MXQ Project">
	<extension point="xbmc.addon.repository" name="Simple Kodi">
		<info compressed="false">http://mxqproject.com/files/repo/plugins/addons.xml</info>
		<checksum>http://mxqproject.com/files/repo/plugins/addons.xml.md5</checksum>
		<datadir zip="true">http://mxqproject.com/files/repo/plugins/</datadir>
	</extension>
	<extension point="xbmc.addon.metadata">
		<summary>The MXQ Project.</summary>
		<description>The official MXQ Project add-on repository.</description>
		<platform>all</platform>
	</extension>
</addon>

